<web-app version="3.0"
         xmlns="http://java.sun.com/xml/ns/javaee"
         xmlns:xsi="http://www.w3.org/2001/XMLSchema-instance">
    <servlet>
        <servlet-name>Jersey REST Service</servlet-name>
        <servlet-class>org.glassfish.jersey.servlet.ServletContainer</servlet-class>
        <init-param>
            <param-name>jersey.config.server.provider.packages</param-name>
            <param-value>servicio</param-value>
        </init-param>
        <load-on-startup>1</load-on-startup>
    </servlet>
    <servlet-mapping>
        <servlet-name>Jersey REST Service</servlet-name>
        <url-pattern>/rest/*</url-pattern>
    </servlet-mapping>
    <resource-ref>
      <description>Datasource para conectar a la BD</description>
      <res-ref-name>jdbc/datasource_Servicio</res-ref-name>
      <res-type>javax.sql.DataSource</res-type>
      <res-auth>Container</res-auth>
    </resource-ref>
    <init-param>
        <param-name>jersey.config.server.provider.classnames</param-name>
        <param-value>
            org.glassfish.jersey.jackson.JacksonFeature
        </param-value>
    </init-param>
</web-app>